,Feature,Score
10,ST slope,408.0006915889481
8,exercise angina,358.49258024986034
2,chest pain type,319.07266055052827
7,max heart rate,244.70425915457642
9,oldpeak,224.11842731825317
1,sex,127.45003650477256
0,age,87.5801576126087
5,fasting blood sugar,58.533162916237494
4,cholesterol,48.661642317714595
3,resting bp s,17.774983624045202
6,resting ecg,6.3752018041145
